case_id,receiver_relative_l2,gradient_relative_l2,gradient_cosine_similarity,preregistered_failure,exact_directional_derivative,surrogate_directional_derivative,realized_directional_error,directional_error_bound,directional_effectivity,directional_certified_descent,true_descent,primal_residual_sum,tangent_residual_sum
0,0.10287674010555314,1.330508445507654,0.12729830282739216,True,-0.06368531748034043,-0.5073494869473016,0.4436641694669612,4904.947621773724,11055.541464316932,False,True,2052.8969127343244,14590.122299477001
1,0.2968542921033579,16.149859560262644,-0.5189639855827556,False,0.04962009901260068,-1.4923642613444614,1.5419843603570622,3342.559907578843,2167.7002656530444,False,False,2261.91854240945,11517.80821572597
2,0.14897973991542757,4.092218019502637,0.23653974011530374,True,-0.045267628720521653,-0.8060183946103874,0.7607507658898657,10063.835440727466,13228.820649237983,False,True,2225.331476493575,15869.662810196802
3,0.1216784588309432,0.8068900221901801,0.6230875258835548,True,-0.9650403982432614,-1.2721162034935547,0.3070758052502933,7509.922153767053,24456.248344430187,False,True,1999.7387319829218,12737.569251877563
4,0.17540852820780287,1.2611406813596342,0.5763350941636682,False,-0.4262795033189711,-1.1367320000080448,0.7104524966890737,4703.140087604512,6619.921964554401,False,True,2028.5747858629793,12450.738881820005
5,0.22992596630692952,4.5935784723900195,0.49190860952560944,False,-0.0875227637913196,-0.8900197857684999,0.8024970219771803,3336.267267914932,4157.357817596738,False,True,2057.0678708282344,14318.50481448747
6,0.12046305988885102,0.7567779656968613,0.6807472198053464,True,-1.2841910509095196,-1.6427625278137716,0.35857147690425206,4890.655211712859,13639.275644389283,False,True,1981.3290068312,11140.67475191581
7,0.13005645272893662,1.1755739280286772,0.607887099252982,True,-0.589543353175121,-1.430275279826089,0.840731926650968,9918.153113746444,11797.045882693106,False,True,2151.9451355338947,14282.166301311529
8,0.17789242702393163,4.910050623764276,0.22282036252999493,False,-0.0405992162186084,-0.9174296289239137,0.8768304127053053,4185.257492767565,4773.166432326056,False,True,2102.8927325063846,13306.786217631192
9,0.15147048215829959,1.5161582395785365,-0.2230848313401247,False,0.22318697203751653,-0.9385951812884794,1.161782153325996,12895.568553143554,11099.816360774357,False,False,2297.728644834791,15558.714832571244
10,0.16255595239613282,1.1228649657180543,0.5938783803971179,False,-0.724374048816705,-1.6797598022034133,0.9553857533867083,4834.58666822249,5060.350388400245,False,True,1975.7560106630326,10520.428400704259
11,0.13952733712186124,1.448026102187582,0.4111536056222635,True,-0.2700882640553016,-1.009163698306676,0.7390754342513745,5809.482238258746,7860.472651405735,False,True,2081.711917970632,12680.887927895821
12,0.13779660009803246,1.9583375154517322,0.7045636114890738,True,-0.4660279653277246,-1.673317394561201,1.2072894292334764,6701.730442518215,5551.055347824283,False,True,2083.2592033725246,11415.636378771302
13,0.1353250193043731,1.8039930221199811,0.22053207857756116,True,-0.13756859197520957,-1.0842347860215946,0.9466661940463851,7938.82237090441,8386.084155990702,False,True,2092.394451737236,15437.408405429644
14,0.12466698732837889,0.7982691673665099,0.7213201182249322,True,-1.442994240012056,-2.237006079769473,0.794011839757417,5475.9171277925125,6896.518230087716,False,True,1972.7139592940678,11308.649877925178
15,0.1651440309740572,1.0771106105445931,0.4091112036298619,False,-0.5658910450955265,-1.3575226415582038,0.7916315964626773,11106.818580218154,14030.287105577654,False,True,2305.0772600605114,16027.106590550371
16,0.1674784423245482,0.8315786728610212,0.6367767752139425,False,-0.8109973127859295,-1.2076728486906934,0.3966755359047639,4895.083186464963,12340.26992690621,False,True,2125.76298181881,11344.73245509113
17,0.1322723827178587,1.6676327114311074,0.44118061662622415,True,-0.1778229405574268,-0.7443559002703636,0.5665329597129367,6648.542387679924,11735.490890148303,False,True,2149.8384931015753,11995.869018540512
18,0.12394961671909195,1.3984703252656963,0.2625851615014087,True,-0.11525372627235553,-0.5595542768856061,0.4443005506132506,5045.29761544806,11355.596135283276,False,True,2003.9828188554563,13271.123371312391
19,0.18705424896248202,1.778482219577637,0.15059271725340587,False,-0.07157601599291918,-0.7742543450463492,0.70267832905343,4210.09466190228,5991.496375836225,False,True,2078.5925654134103,15152.652076793562
20,0.2648637404666588,7.214973605144788,0.6022651025090394,False,-0.14024366048710094,-1.8100093217619242,1.6697656612748233,3978.839338619702,2382.8728970159564,False,True,2155.2314032701956,12585.812838186164
21,0.1463462551091622,2.149332532252807,0.11257031700475213,True,-0.051307320119001985,-0.9199605555169578,0.8686532353979558,13352.45071990775,15371.43957541423,False,True,2238.3018480658784,20250.561997326273
22,0.1776611191070393,1.522902526123556,0.4834489176102193,False,-0.26247045004751285,-0.9390350241676206,0.6765645741201078,3928.481310599835,5806.513466521567,False,True,2039.0279486426314,11007.456448318848
23,0.15245144030093266,1.3592714806224573,0.16471373613367754,False,-0.1350762893626689,-0.9020688880021719,0.766992598639503,11430.562176111653,14903.093193320596,False,True,2272.2770229102557,17159.4321669153
24,0.30042645620361813,1.286963667892024,-0.41419882735458674,False,0.9878258942626966,-1.1820941682034198,2.1699200624661166,14999.516276783093,6912.474121160079,False,False,2494.7182269202726,13983.761762843622
25,0.20045993094204104,3.380979441595147,-0.2644102369824497,False,0.09147664630066515,-1.0296274745440044,1.1211041208446695,5636.684302676733,5027.797327539842,False,False,2147.6549473231285,12131.73262769821
26,0.15765717913050525,2.399630874324653,-0.16024277533560552,False,0.05405039313659836,-0.68370385918966,0.7377542523262584,10020.834459190832,13582.889461624276,False,False,2197.020411185551,17375.54356113487
27,0.15901212174781118,1.1608120151899592,0.23289624483612123,False,-0.21292919701113877,-0.7924076146628367,0.5794784176516979,5327.895323375153,9194.294664098335,False,True,2060.897917275386,13509.3714072899
28,0.33383427862964626,1.2093935732498338,-0.00028106288840302893,False,0.0006710230713339697,-1.623202503535819,1.6238735266071531,12123.239174899994,7465.630159160076,False,False,2489.7504997530177,14617.251930459493
29,0.16953327825406964,2.169918676450992,0.41669992750592405,False,-0.09737733621371517,-0.5578168946148832,0.460439558401168,3833.1928458221464,8325.072804631598,False,True,1990.5862669133555,12271.64850849181
30,0.18422781197945906,3.0333362834517557,0.1328214999044305,False,-0.07103816826988296,-1.6043369922886503,1.5332988240187673,7451.649588788083,4859.880847790226,False,True,2116.5682575198475,13716.419563917487
31,0.19901457472852002,1.4778963512201924,0.5840109867315041,False,-0.4804961267606934,-1.4966018237761622,1.016105697015469,3912.806837628583,3850.787225306754,False,True,2149.5104414647185,12009.349561501209
32,0.16922711907770496,1.1253860963828966,-0.011750841536710372,False,0.02227458928979676,-0.9565318736727042,0.978806462962501,17019.949732390927,17388.47297848602,False,False,2494.1269985494046,20701.85059291838
33,0.24606955056056148,2.5930255883191857,-0.4686695765368022,False,0.39774576675307816,-1.6712399128212436,2.068985679574322,14204.992084612772,6865.679267309062,False,False,2412.9845841011247,12619.051427654234
34,0.19530855978523712,1.7122009501314883,-0.25480502170387803,False,0.15623162004208346,-0.7101353476667996,0.8663669677088831,4272.408631517995,4931.407579880874,False,False,1998.9320888240043,13155.98804838326
35,0.26905664661039597,2.7196523949977456,0.3453587177926318,False,-0.0994405744069506,-0.8344221746447975,0.7349816002378469,2824.9530415373956,3843.5697446347153,False,True,2020.2575590995862,11217.334388890955
36,0.16502289176636106,2.4477831312629106,-0.0778785023487249,False,0.022283549906362346,-0.617380872159043,0.6396644220654054,8134.2234154516855,12716.391806171087,False,False,2253.528894421805,12119.194577933948
37,0.17056776654707875,3.8187357100822514,-0.25844616222323025,False,0.06252747581964466,-0.8313124854876088,0.8938399613072535,4608.363958681681,5155.69247087799,False,False,2065.6385977047353,11778.485058688084
38,0.2103110641518641,3.2534477410682423,0.5303344660350698,False,-0.2074531294427578,-1.4361495299391738,1.228696400496416,3562.4214709084195,2899.350457500433,False,True,2078.1556457267266,13227.233355075541
39,0.1649467283355704,1.513803009875259,0.4280783206390222,False,-0.3200882022132967,-1.2281605434848584,0.9080723412715617,11680.784219718336,12863.274971421208,False,True,2296.0865290471784,13921.686781483508
40,0.1401142677752532,2.9965930576825666,0.4257766091089869,True,-0.10978010179681895,-0.8463427285191023,0.7365626267222833,4934.96325390594,6699.991385480164,False,True,2013.216531822653,12238.37061525272
41,0.18702080570946267,2.020480337107424,0.6014476908751037,False,-0.3519814638137079,-1.4380533056520806,1.0860718418383728,4992.641772931446,4596.97193187561,False,True,2073.9371331864804,10918.399526329054
42,0.17788351256218768,2.014621092893334,0.5893277922489331,False,-0.5856449636865424,-2.4196484464131727,1.8340034827266303,6981.957481938756,3806.948867708045,False,True,2122.3938664941375,12141.731890559013
43,0.13651297469413978,2.018200188018393,0.10073762304985921,True,-0.04373405777576832,-0.8060492286242846,0.7623151708485163,7272.539147361793,9540.06876088651,False,True,2109.8485849660055,15348.593658092264
44,0.2520310871275668,1.7980562771678168,-0.30081491065940885,False,0.28624354271524666,-1.1642216196470336,1.4504651623622804,15888.321327984297,10953.948940151033,False,False,2417.297954005058,15861.974196319296
45,0.15350090726155513,2.0369751500816644,-0.17414067483014994,False,0.10591221732363046,-0.9785928493071205,1.084505066630751,13272.381849977934,12238.192571300246,False,False,2310.1481769001057,17609.739033005328
46,0.1667970470788005,1.4304459886727499,-0.024696796096499225,False,0.015602656711479866,-0.6307757193257324,0.6463783760372123,5096.961197172106,7885.414156983915,False,False,2124.0464878411194,13745.656303821026
47,0.1945095591106125,1.1736113056809874,0.6864277110610573,False,-0.6972620186730147,-1.6329671784723476,0.9357051597993329,9299.225896389169,9938.200937551139,False,True,2309.0967152270578,10741.101231164557
48,0.14973957667831234,5.090689699521654,0.0673728894420729,True,-0.010783334731722459,-0.8097689780792634,0.798985643347541,5740.675904491236,7184.955014259462,False,True,2067.4529398199006,12936.772683926703
49,0.12329036831834447,0.9863674264554882,0.6086447651525544,True,-0.5595161357289724,-1.0981942873357011,0.5386781516067287,9786.420623583139,18167.472718900775,False,True,2168.6882301599157,11875.03304761974
50,0.2648691712825242,2.0349541288121453,0.21511265607668612,False,-0.15482409706614014,-1.4397700646690654,1.2849459676029253,11692.504641143258,9099.608027064125,False,True,2406.1472714980405,14587.850842541677
51,0.14233919142834595,2.738409635938648,-0.08855794783302497,True,0.03699626450919361,-1.0286466938823158,1.0656429583915095,8603.349535869314,8073.388434767386,False,False,2114.9594036627,15502.28686495532
52,0.3116890265672485,2.2539814889877867,0.5624692714336509,False,-0.6220728948803581,-2.9411278586295335,2.3190549637491755,4116.724240402525,1775.1732083775578,False,True,2137.430416811632,11518.212147900831
53,0.2063153009240239,3.3905116796465786,-0.18812462409030015,False,0.07741968118588521,-1.2580674936767604,1.3354871748626456,7310.282739582506,5473.869668822815,False,False,2202.463736447734,11884.427888075954
54,0.12146357885784033,1.1690979858447965,0.5010190884156119,True,-0.38198105794907794,-0.9812407979638712,0.5992597400147932,7479.573838353647,12481.355477291047,False,True,2144.6455330578874,12589.808723900544
55,0.17723328109985506,1.6037573775113194,-0.24319851492091882,False,0.28022636738285345,-1.1914064164947018,1.4716327838775554,9745.195324685163,6622.029239528001,False,False,2238.5143531117546,15613.573364404401
56,0.14721218111536077,3.0733887418421206,0.5767227157375672,True,-0.2254946844613599,-1.3839389382148495,1.1584442537534896,6833.558509440183,5898.91010059283,False,True,2048.862390777748,11835.553119586102
57,0.19165068864470436,2.792007321464514,-0.3916800255280063,False,0.15310705401320826,-0.8773173201998309,1.0304243742130392,5837.555444724602,5665.195419297887,False,False,2056.6318537532397,12376.440982714626
58,0.11689775044970269,1.2063537936235507,0.4027407041815339,True,-0.2734602875241763,-0.8070206356199723,0.533560348095796,9080.57411457006,17018.832353223752,False,True,2202.1771449385296,13919.00081611527
59,0.2116154611566798,2.0267912685227856,0.36835478944880434,False,-0.1496273370130879,-0.881197754681029,0.7315704176679412,5867.953009941917,8021.036482923197,False,True,2099.6551558050746,16442.632960190444
60,0.18918439328008227,3.7493400360413425,-0.30746897360492975,False,0.07909475864484213,-0.8538238545813466,0.9329186132261887,5155.123355176042,5525.801803169907,False,False,2058.8436900884203,12996.350737490564
61,0.1289716648660944,0.7754206297133623,0.6319549699554915,True,-1.6628616365500473,-1.5960744999031884,0.06678713664685887,11153.413741664035,166999.42985485966,False,True,2172.970790348109,12832.252828916811
62,0.10883966694960183,1.0252933295670759,0.33433572265035405,True,-0.3422683409815552,-0.755588693876246,0.4133203528946909,8319.437713910522,20128.304003529716,False,True,2087.1099895068787,15730.18778289526
63,0.15224617583111602,0.9594548956939738,0.37573870454059466,False,-0.4248121796065655,-0.705724424530713,0.28091224492414757,6029.355776143814,21463.485074393506,False,True,2052.499596540824,12969.715534536628
64,0.13388653554457183,3.090294401055647,0.004134328107819844,True,-0.0012422523432214679,-0.8798324046471031,0.8785901523038816,5760.029281756458,6555.991171369529,False,True,2107.905465961151,11762.447645926663
65,0.3443514773864733,22.208350316964374,0.006657602281299315,False,-0.0002965490505756176,-0.9885180303857182,0.9882214813351425,2848.4112872281576,2882.361232807644,False,True,2201.7254535840166,13412.540463612817
66,0.20990786519124105,0.908474779800774,0.6355745834773928,False,-0.42560219336489147,-0.7462452360363976,0.3206430426715061,3227.666718108559,10066.23032022327,False,True,2033.5596255632454,10749.663773322558
67,0.18385005371550323,1.060812789704566,0.34187360645192016,False,-0.38871516980124554,-0.9482848630891282,0.5595696932878826,5655.053832877156,10106.07597357456,False,True,2207.687264064783,13336.872242928264
68,0.10539610423250753,0.8366590579629051,0.7119329403995258,True,-0.582784863550931,-0.9550854106645013,0.3723005471135703,6254.656549369427,16800.01976323028,False,True,2036.3025189415252,11321.559138116681
69,0.2349833714964732,6.7148943844816165,-0.3701841701430968,False,0.041010960753734796,-0.6957473941195618,0.7367583548732966,3479.6808596651736,4722.960841432995,False,False,2103.3457264212498,13900.480496799471
70,0.2312549718018742,2.3545042462067753,0.617031269022188,False,-0.40318251479357226,-1.8531957418291667,1.4500132270355945,4688.235572496015,3233.2364181812595,False,True,2116.026192968039,12853.441272182406
71,0.1224877217512394,2.7797721118830583,-0.24732598379365778,True,0.08303240049796001,-0.7916662618323989,0.8746986623303589,7766.077245811575,8878.574508301304,False,False,2107.728391736323,13012.668027222013
72,0.11923229575323915,0.9849660158912592,0.5645732111943059,True,-0.6358672490624617,-1.2412369556822362,0.6053697066197745,6860.791756575283,11333.226095643508,False,True,2105.3212142084403,13765.590463865747
73,0.12677019664576955,0.7586232245623415,0.7297263151714065,True,-0.7662462417233671,-1.1113420730060775,0.3450958312827104,7991.814003099411,23158.24556151284,False,True,2127.593369019417,11726.06839578838
74,0.19727699584654249,1.7022199947825905,0.5788556952015732,False,-0.2381336857166334,-0.8528271459463155,0.6146934602296821,3248.498576968399,5284.745628747356,False,True,2107.1635918486536,11607.576656819136
75,0.2660754665915116,1.0649609126078277,0.02196617840694638,False,-0.05902977998971446,-1.045032969778345,0.9860031897886304,13982.3457031244,14180.83211893239,False,True,2581.2279622420897,14833.941058366716
76,0.1280575076070338,2.7917208102283584,0.3663988163351923,True,-0.10763933266508349,-0.8808884028343613,0.7732490701692778,6386.501611073442,8259.307197970928,False,True,2064.4621934267466,15344.53938382633
77,0.10507830667865951,0.7610256543447713,0.7025838491829322,True,-1.6610118163051304,-1.0231995711305797,0.6378122451745507,11546.344481272141,18103.046105852423,False,True,2293.27696924285,11500.47270090565
78,0.11187538671306967,1.0725167762578207,0.5460247860757209,True,-0.35836687077851104,-0.7978734638352322,0.43950659305672113,4632.187027996853,10539.516587863882,False,True,2041.7667060641834,11211.214122888758
79,0.11027774727543621,1.565770005451493,0.07413965038050738,True,-0.030000587671467127,-0.5184602844514828,0.4884596967800157,5087.553943333343,10415.504036200125,False,True,2028.7108289496205,12963.607707927204
