case_id,label,frequency_hz,exact_directional_derivative,surrogate_directional_derivative,realized_directional_error,primal_residual_norm,tangent_residual_norm,receiver_resolvent_norm,directional_tangent_resolvent_norm,directional_error_bound
0,s36_f3,3.0,-0.018410305680906507,-0.21649006351490097,0.19807975783399445,495.0943673254166,3146.6344458964472,0.024888506213215644,2.712155153720382e-05,1056.053494628114
0,s36_f4,4.0,-0.021647151151991572,-0.11454996422886521,0.09290281307687363,608.0525698252792,4031.313402886032,0.023835105446285806,1.650428882621721e-05,1519.0278613002415
0,s43_f3,3.0,-0.010994487582188612,-0.05293438143491358,0.041939893852724966,363.70219013468466,2940.1932955721427,0.024888506213215644,2.712155153720382e-05,712.7083875992101
0,s43_f4,4.0,-0.01263337306525373,-0.1233751045377255,0.11074173147247177,586.0477854489438,4471.981155122379,0.023835105446285806,1.650428882621721e-05,1617.1578782461577
1,s36_f3,3.0,0.006520403457929211,-0.7317307760780287,0.738251179535958,584.5475207155279,2886.4492321326447,0.0199993018800238,5.8399601291631484e-05,871.5971205289461
1,s36_f4,4.0,0.014317894042133652,-0.397911627879965,0.4122295219220986,604.1420871862831,2992.1329443759855,0.01933398457736429,4.9421842079554544e-05,940.3388960394154
1,s43_f3,3.0,0.012497657409339741,-0.10543680009861192,0.11793445750795166,510.7204060744805,2914.1137419932597,0.0199993018800238,5.8399601291631484e-05,730.2364076597115
1,s43_f4,4.0,0.01628414410319807,-0.25728498256294313,0.2735691266661412,562.5085284331582,2725.112297224082,0.01933398457736429,4.9421842079554544e-05,800.3874833507704
2,s36_f3,3.0,-0.0020757582005603,-0.04007195950841412,0.03799620130785382,487.2036564520834,3307.718424704228,0.02780779948710937,5.04094944404682e-05,1391.2201168519512
2,s36_f4,4.0,-0.009306041987122295,-0.12494456847804898,0.11563852649092668,680.6082670918377,4420.828370864918,0.02998522506160912,9.867918349223356e-05,3633.386853629839
2,s43_f3,3.0,-0.0037706159099630617,-0.11485254071056641,0.11108192480060335,378.2221004824024,3164.5518139213914,0.02780779948710937,5.04094944404682e-05,1027.0509626968492
2,s43_f4,4.0,-0.030115212622876003,-0.526149326132072,0.496034113509196,679.2974524672511,4976.564200706264,0.02998522506160912,9.867918349223356e-05,4012.1775075488254
3,s36_f3,3.0,-0.03205977012901612,0.07293446689799525,0.10499423702701137,455.3352935460382,2479.840927210272,0.02658158606889211,0.0001023217486489317,1023.8900216027388
3,s36_f4,4.0,-0.4804925315522972,-0.4024739938361305,0.07801853771616674,615.5337458126023,3903.883266643018,0.028143784586530014,0.00014120265424818945,2940.228330936694
3,s43_f3,3.0,-0.023541407675583503,-0.27717350754910935,0.25363209987352586,336.5177568299462,2404.332221007934,0.02658158606889211,0.0001023217486489317,714.7342006285011
3,s43_f4,4.0,-0.42894668888636456,-0.6654031499792601,0.23645646109289553,592.3519357943352,3949.512837016339,0.028143784586530014,0.00014120265424818945,2831.06960059912
4,s36_f3,3.0,-0.08939346732769743,-0.26678877636220377,0.17739530903450634,503.82060509034795,2653.780622719114,0.022994178899317798,7.291667754692861e-05,895.8876255460914
4,s36_f4,4.0,-0.1540758539507926,-0.3469060324897021,0.1928301785389095,564.6865926413866,4187.6948827715905,0.023414930753141206,8.094095400999068e-05,1741.7153640723773
4,s43_f3,3.0,-0.03965813071144712,-0.23338107518175716,0.19372294447031002,393.6420035014214,2337.2263874906416,0.022994178899317798,7.291667754692861e-05,608.6786584122291
4,s43_f4,4.0,-0.14315205132903389,-0.28965612553131287,0.14650407420227898,566.4255846298232,3272.0369888386595,0.023414930753141206,8.094095400999068e-05,1456.8584395738137
5,s36_f3,3.0,-0.024343786189244175,-0.040432097500211525,0.01608831131096735,506.3368898122248,3196.5668857701294,0.020233309659795164,5.71959932661852e-05,792.1986925730758
5,s36_f4,4.0,-0.025708369156632348,-0.24968775687365494,0.22397938771702258,563.6581989024959,3725.0098888968714,0.018042079791822197,4.773044791576193e-05,899.9455230119572
5,s43_f3,3.0,-0.03552718606451283,-0.3976738783850498,0.362146692320537,435.8964733549772,3851.6293434646386,0.020233309659795164,5.71959932661852e-05,806.0243981162567
5,s43_f4,4.0,-0.0019434223809302498,-0.2022259947190332,0.20028257233810293,551.1763087585365,3545.2986963558315,0.018042079791822197,4.773044791576193e-05,838.0986542136422
6,s36_f3,3.0,-0.029196784382620904,-0.02394416186307181,0.005252622519549093,483.10279768762047,2265.586176703847,0.02386695171799316,8.866183345049891e-05,825.3984873921714
6,s36_f4,4.0,-0.4991440037976129,-0.5800331245045182,0.08088912070690524,584.4182271030033,3316.803940399833,0.02435182556399137,0.00010788546497823338,1789.7920467827385
6,s43_f3,3.0,-0.1794850246873258,-0.19695575031351453,0.017470725626188732,360.96960896984143,2140.0280214098348,0.02386695171799316,8.866183345049891e-05,565.4605112231533
6,s43_f4,4.0,-0.5763652380419602,-0.8418293491024338,0.26546411106047363,552.8383730707349,3418.256613402297,0.02435182556399137,0.00010788546497823338,1710.0041663147967
7,s36_f3,3.0,-0.08340283986359656,-0.22779445304448392,0.14439161318088736,485.5969877129683,2872.833681133029,0.026937553894902978,0.00010803651434884445,1295.7404696222222
7,s36_f4,4.0,-0.16768366864514747,-0.48153986311391317,0.31385619446876567,652.4367226748327,4179.657133782587,0.03004848889053391,0.0001519225066371261,3791.9900747689717
7,s43_f3,3.0,-0.10400742451503685,-0.12385428835452436,0.019846863839487514,374.2289174991734,2674.919130116247,0.026937553894902978,0.00010803651434884445,902.0185411425734
7,s43_f4,4.0,-0.23444942015134002,-0.5970866350688817,0.3626372149175417,639.6825076469204,4554.756356279665,0.03004848889053391,0.0001519225066371261,3928.404028212678
8,s36_f3,3.0,0.0018891787994376723,-0.13794738386896743,0.1398365626684051,509.14283662591305,2938.3547704165567,0.023678015382359092,2.5091811915170242e-05,922.7883292525514
8,s36_f4,4.0,-0.028056171208962432,-0.2561199205133517,0.22806374930438927,578.3083802437229,4133.834659605884,0.0217138945226375,3.291895585072315e-05,1327.0346243865772
8,s43_f3,3.0,-0.0005419303276876512,-0.06709583835520061,0.06655390802751296,394.37877855891236,2406.0044556588487,0.023678015382359092,2.5091811915170242e-05,580.7291057222368
8,s43_f4,4.0,-0.013890293481395992,-0.456266426401723,0.442376132920327,621.0627370778362,3828.592331949903,0.0217138945226375,3.291895585072315e-05,1354.7054334061995
9,s36_f3,3.0,0.05713386464116965,0.012347496355599234,0.04478636828557042,470.05352537940007,2661.9448134167283,0.03078569919996286,5.1530973364893904e-05,1334.9557211349688
9,s36_f4,4.0,0.08572215166372536,-0.35232144060984316,0.43804359227356854,710.077692568008,4342.2833315064645,0.03252595182135781,0.00012430843949062987,4650.090841568344
9,s43_f3,3.0,0.03453851276401665,-0.14281438792401915,0.1773529006880358,380.7970080047154,3282.942415555589,0.03078569919996286,5.1530973364893904e-05,1299.0322267089548
9,s43_f4,4.0,0.04579244296860492,-0.45580688953492055,0.5015993325035255,736.8004188826675,5271.544272092461,0.03252595182135781,0.00012430843949062987,5611.489763731285
10,s36_f3,3.0,-0.008925033422881045,0.0643097989741022,0.07323483239698325,473.7941870627051,1853.4758951005742,0.025831805190475576,6.939816639074805e-05,749.4305406629481
10,s36_f4,4.0,-0.41081102919539625,-0.6059002052204574,0.19508917602506115,582.4393493670725,3165.8674148284813,0.024548987673920553,9.949776790200284e-05,1707.2837682391075
10,s43_f3,3.0,-0.012999780073352797,-0.21826187297887464,0.20526209290552186,338.0109927307631,2089.0993215319195,0.025831805190475576,6.939816639074805e-05,570.4625418275012
10,s43_f4,4.0,-0.2916382061250749,-0.9199074972342283,0.6282692911091534,581.511481502492,3411.9857692432843,0.024548987673920553,9.949776790200284e-05,1807.4098174929331
11,s36_f3,3.0,0.00622896360958403,-0.02544913454333554,0.03167809815291957,475.0886248791107,2181.481142562833,0.025060184449218297,6.650483719371646e-05,803.9417017570981
11,s36_f4,4.0,-0.09392689039121754,-0.37125928261782276,0.2773323922266052,614.5901562123908,4144.137571802525,0.025391553384670338,8.089985424614485e-05,2203.3157561066814
11,s43_f3,3.0,-0.015459425554882543,-0.18356318982929243,0.16810376427440987,392.5990501540938,2233.297959991867,0.025060184449218297,6.650483719371646e-05,667.1931087214099
11,s43_f4,4.0,-0.1669309117187856,-0.42889204440542483,0.26196113268663923,599.4340867250365,4121.971253538597,0.025391553384670338,8.089985424614485e-05,2135.031671673557
12,s36_f3,3.0,-0.08228353619995885,-0.15320812247184606,0.07092458627188722,465.00675918394,2345.5450352391636,0.0252145320255963,0.00010985653679134344,936.9988252254999
12,s36_f4,4.0,-0.20615015944191364,-0.4802314172840795,0.27408125784216586,617.1109526931862,3423.5288785505945,0.026811808246129474,0.00013417533941427554,2467.325414067349
12,s43_f3,3.0,-0.03552515901835895,-0.2658454938426928,0.23032033482433384,367.75001633810126,2052.378578456073,0.0252145320255963,0.00010985653679134344,646.3893802677634
12,s43_f4,4.0,-0.1420691106674932,-0.7740324059118456,0.6319632952443525,633.3914751572972,3594.1838865254704,0.026811808246129474,0.00013417533941427554,2651.0168229576025
13,s36_f3,3.0,0.000977614390649079,-0.03835909932293708,0.03933671371358616,463.39651299597784,2800.861771370228,0.027589441752045717,3.206275898492101e-05,1075.7550253721581
13,s36_f4,4.0,-0.02339503799744818,-0.3084246057385587,0.2850295677411105,646.441455069665,4598.170842299584,0.028464024713111834,5.424913727302486e-05,2895.833360479092
13,s43_f3,3.0,-0.004632528932277586,-0.025508180045567003,0.020875651113289418,348.95767459409683,2850.8669555765487,0.027589441752045717,3.206275898492101e-05,810.7308848097049
13,s43_f4,4.0,-0.1105186394361329,-0.7119429336343714,0.6014242941982385,633.5988090774963,5187.508836183282,0.028464024713111834,5.424913727302486e-05,3156.5031002434553
14,s36_f3,3.0,-0.22461737797427472,-0.574375655774907,0.3497582778006323,461.3872145959658,2581.3980386908065,0.02431898573005924,9.879396211929863e-05,933.3819837574644
14,s36_f4,4.0,-0.4918148111545233,-0.6044075656786949,0.11259275452417161,582.1379060472984,3157.050961172394,0.025707258341039808,0.00011853475746560692,1941.8015237391378
14,s43_f3,3.0,-0.20380724993129878,-0.26423764337331684,0.06043039344201806,353.49228863848134,2232.4065968230593,0.02431898573005924,9.879396211929863e-05,604.5596074168674
14,s43_f4,4.0,-0.5227548009519591,-0.7939853115085098,0.2712305105565507,575.6965500123222,3337.7942812389183,0.025707258341039808,0.00011853475746560692,1996.1740128790427
15,s36_f3,3.0,-0.05565071884506577,-0.08104866884190239,0.025397949996836616,497.03712820664674,3363.9607850528146,0.030220331293105293,8.891612916746661e-05,1794.27323004174
15,s36_f4,4.0,-0.21644693046364297,-0.44102249642302815,0.2245755659593852,715.5801024752645,4685.837699290775,0.029528758757714657,9.901848869999454e-05,3964.2728396472276
15,s43_f3,3.0,-0.06950189585238176,-0.2286442515645026,0.15914235571212085,373.38855109642856,3130.9321779340116,0.030220331293105293,8.891612916746661e-05,1237.5986740711216
15,s43_f4,4.0,-0.22429149993443587,-0.6068072954398279,0.38251579550539205,719.0714782821717,4846.37592827277,0.029528758757714657,9.901848869999454e-05,4110.673836458064
16,s36_f3,3.0,-0.06070250456307787,-0.2256459938412056,0.16494348927812771,515.3865727434985,2564.632101004521,0.023677137683329807,8.439324992967379e-05,963.8801826419905
16,s36_f4,4.0,-0.35293446968420217,-0.38980893898317354,0.03687446929897137,613.4544265679413,3108.4849460589885,0.023704187906134752,8.728774717351171e-05,1628.4001994575538
16,s43_f3,3.0,-0.10352033802813573,-0.22022221842840436,0.11670188040026863,411.2000816927161,2383.677620955564,0.023677137683329807,8.439324992967379e-05,704.3770657230131
16,s43_f4,4.0,-0.29384000051051373,-0.37199563740898023,0.0781556368984665,585.7219008146544,3287.937787072056,0.023704187906134752,8.728774717351171e-05,1598.4257386424051
17,s36_f3,3.0,-0.08607850123634678,-0.3641019214644911,0.2780234202281443,487.2748068282378,2469.7720370518646,0.026103445653898046,8.84344897558284e-05,1057.8991242586874
17,s36_f4,4.0,-0.002982750594107529,-0.04299167762085214,0.04000892702674461,651.4308177368771,3672.5775354817965,0.029515514379933567,4.6967515594340916e-05,2505.233628807147
17,s43_f3,3.0,-0.06841779922363436,-0.1726546051583418,0.10423680593470744,391.61997602024775,2244.590040236618,0.026103445653898046,8.84344897558284e-05,751.2097951557859
17,s43_f4,4.0,-0.020343889503338135,-0.16460768497616976,0.14426379547283164,619.5128925162127,3608.929405770234,0.029515514379933567,4.6967515594340916e-05,2334.1998394583034
18,s36_f3,3.0,-0.00046217258768849103,-0.020673187392609288,0.020211014804920796,473.4996719737563,2493.9152180631836,0.024374267686539282,3.7443430604364476e-05,789.8365371182546
18,s36_f4,4.0,-0.08309329268034386,-0.2216808483729183,0.13858755569257442,588.9611840098548,3889.8107130528124,0.02437869744107072,6.751529069796323e-05,1774.7237940289826
18,s43_f3,3.0,0.011968522737468457,-0.04276438758910053,0.05473291032656899,379.05520919829246,2594.4247469879833,0.024374267686539282,3.7443430604364476e-05,653.4643713780371
18,s43_f4,4.0,-0.04366678374179162,-0.2744357601291285,0.2307689763873369,562.4667536735528,4292.972693208411,0.02437869744107072,6.751529069796323e-05,1827.2729129227855
19,s36_f3,3.0,-0.013736969373328725,-0.0934776425726081,0.07974067319927937,513.4661426949625,3218.284071137759,0.02236443687406367,2.404716308188522e-05,901.3996503710571
19,s36_f4,4.0,-0.038469493113614556,-0.2507125524876929,0.21224305937407836,568.5252501639264,4576.948464642405,0.021274923630907185,2.5379412825716583e-05,1334.8341056072131
19,s43_f3,3.0,0.0026983128627644038,-0.07450714814159799,0.0772054610043624,429.13956036402,3147.1274147131176,0.02236443687406367,2.404716308188522e-05,728.9269912065769
19,s43_f4,4.0,-0.02206786636874031,-0.35555704715325825,0.33348918078451795,567.4616121905015,4210.292126300281,0.021274923630907185,2.5379412825716583e-05,1244.9339147174323
20,s36_f3,3.0,-0.05064794396345107,-0.8149204213279465,0.7642724773644954,539.0962725390158,3327.8579870307735,0.0227727454912627,8.277765825149587e-05,1193.2249108591268
20,s36_f4,4.0,-0.029302744878861232,-0.3386417895829875,0.30933904470412626,601.7969206968694,3456.4313669943226,0.019535697805237666,5.0277586501734054e-05,1064.2062930806972
20,s43_f3,3.0,-0.041880185963340255,-0.43610409687911855,0.3942239109157783,459.8884841522218,2911.1402507295197,0.0227727454912627,8.277765825149587e-05,882.2207356836894
20,s43_f4,4.0,-0.018412785681448388,-0.22034300140731827,0.2019302157258699,554.4497258820887,2890.383233431548,0.019535697805237666,5.0277586501734054e-05,839.1873989961892
21,s36_f3,3.0,-0.048403175544439306,-0.1555918349322684,0.10718865938782911,467.3668195410872,4080.060622320358,0.03050112091889095,7.061683784946426e-05,1980.7161205796203
21,s36_f4,4.0,-0.03309304821295091,-0.17543421235292536,0.14234116413997444,682.7851101189533,5335.629885211029,0.030844050114956358,8.921280822851462e-05,4361.714488569451
21,s43_f3,3.0,0.023925455184169418,-0.03448471634064046,0.05841017152480987,382.93340692278133,4419.399537795917,0.03050112091889095,7.061683784946426e-05,1712.8498907845853
21,s43_f4,4.0,0.006263448454218813,-0.5544497271895497,0.5607131756437684,705.2165114830568,6415.471951998965,0.030844050114956358,8.921280822851462e-05,5297.170219974095
22,s36_f3,3.0,-0.0022877126826411527,-0.014752739389041364,0.012465026706400211,503.4392697827385,2278.144829842104,0.02411881913495391,3.55210738066169e-05,761.3291081106736
22,s36_f4,4.0,-0.15230292850453003,-0.3942812906772752,0.24197836217274515,597.9103987784351,3108.2004572576657,0.022317633729168014,6.829482661347344e-05,1324.8892761224613
22,s43_f3,3.0,-0.006689694116006829,-0.011267658099198429,0.0045779639831916,388.8236838877016,2397.096501403188,0.02411881913495391,3.55210738066169e-05,611.282479053059
22,s43_f4,4.0,-0.10119011474433484,-0.5187333282237795,0.4175432134794447,548.8545961937564,3224.014659815889,0.022317633729168014,6.829482661347344e-05,1230.980447313641
23,s36_f3,3.0,0.0015511391491854036,-0.09009680185781346,0.09164794100699887,485.0132559923888,3511.903855386276,0.02894821389486965,2.7043938479385643e-05,1520.9941041870686
23,s36_f4,4.0,-0.06420318776980238,-0.32446035442994914,0.26025716666014675,698.0156567331601,4761.559748401029,0.0331357531091025,3.778597643165194e-05,4124.641323229873
23,s43_f3,3.0,-0.015331375356217012,-0.09025843921012668,0.07492706385390967,390.9944366568242,3595.702986661492,0.02894821389486965,2.7043938479385643e-05,1248.804771430653
23,s43_f4,4.0,-0.05709286538583491,-0.39725329939517917,0.34016043400934426,698.2536735278828,5290.265576466504,0.0331357531091025,3.778597643165194e-05,4536.121977264058
24,s36_f3,3.0,0.36650553394508834,-0.2704545371832984,0.6369600711283867,530.0525349654419,2699.6369866600126,0.03419250341630278,0.00013161450978548423,2181.3082734830514
24,s36_f4,4.0,0.31628595468081855,-0.6834552308970594,0.9997411855778779,772.0315805002795,4127.117426243196,0.03349974357740106,0.0001305207273991656,5366.470459488699
24,s43_f3,3.0,0.0640837001672998,0.06198010693458615,0.0021035932327136547,398.02270188600335,2520.953286544099,0.03419250341630278,0.00013161450978548423,1456.4444318128837
24,s43_f4,4.0,0.24095070546949005,-0.2901644683505793,0.5311151738200693,794.6114095685481,4636.0540633963155,0.03349974357740106,0.0001305207273991656,5995.293111998459
25,s36_f3,3.0,-0.0015026992274933563,-0.4537386054173617,0.45223590618986836,483.86947131640403,2530.1156225909513,0.025801067639578592,5.230507545721746e-05,973.7047512334159
25,s36_f4,4.0,0.005030398126611981,-0.26478673122764623,0.2698171293542582,639.878605748546,3678.7594394776293,0.026345847045658125,4.967599138762221e-05,2034.1097830853005
25,s43_f3,3.0,0.030029717041099968,-0.025679614906911265,0.05570933194801123,419.0318498723901,2292.305450942881,0.025801067639578592,5.230507545721746e-05,740.7747368646011
25,s43_f4,4.0,0.057919230360446564,-0.28542253660942907,0.3433417669698756,604.8750203857884,3630.5521146867472,0.026345847045658125,4.967599138762221e-05,1888.0950314934153
26,s36_f3,3.0,0.03283737844659819,-0.27527425123515453,0.3081116296817527,492.13686243241574,3531.844575703275,0.02924690391834164,4.312726360523537e-05,1642.6768507393174
26,s36_f4,4.0,0.016447843758650427,-0.32283862453037476,0.3392864682890252,680.6994872034171,4637.5486013999425,0.02982615159371806,4.97033859748212e-05,3313.7763062458866
26,s43_f3,3.0,0.006087052031310353,-0.05371262910775625,0.059799681139066606,347.37271914051087,3443.043791846234,0.02924690391834164,4.312726360523537e-05,1098.3640935144756
26,s43_f4,4.0,-0.0013218810999606105,-0.031878402355336614,0.030556521255376005,676.8113424092072,5763.106592185418,0.02982615159371806,4.97033859748212e-05,3966.0172086911516
27,s36_f3,3.0,-0.09640261130938338,-0.6157108796134018,0.5193082683040184,479.40216443087223,3046.276981701006,0.025235770092089167,5.09643196239256e-05,1089.0695444091675
27,s36_f4,4.0,-0.053767233241690485,-0.1524938708052734,0.09872663756358292,596.7608791713022,3727.150297779589,0.025607563472776797,2.786954552691134e-05,1658.5495922230866
27,s43_f3,3.0,-0.028654895265533872,-0.004325741509073092,0.024329153756460782,352.88249185027837,2685.448908912441,0.025235770092089167,5.09643196239256e-05,678.0651176365135
27,s43_f4,4.0,-0.034104457194531056,-0.019877114588428467,0.014227342606102589,631.8523818229331,4050.4952188968655,0.025607563472776797,2.786954552691134e-05,1902.211069106385
28,s36_f3,3.0,0.06923181125016631,-0.34506062678033,0.4142924380304963,490.61709441617984,2883.618294839749,0.035589935687215954,5.7385941769124626e-05,2023.291463464424
28,s36_f4,4.0,0.0005550213731149111,-0.4497745064463377,0.4503295278194526,783.4706720545648,4338.850145898298,0.031831508628745696,3.934584583832681e-05,4055.5843271005874
28,s43_f3,3.0,-0.10936022066132181,-0.016057777452961615,0.0933024432083602,386.65482652034825,2831.898854890531,0.035589935687215954,5.7385941769124626e-05,1522.6395435515399
28,s43_f4,4.0,0.04024441110937459,-0.8123095749011647,0.8525539860105393,829.007906761925,4562.884634830916,0.031831508628745696,3.934584583832681e-05,4521.723840783444
29,s36_f3,3.0,0.0071932580372533386,-0.09693461597610548,0.10412787401335881,482.8910622665624,2897.56788948366,0.022349119835689463,6.395061090248192e-05,841.8771539070684
29,s36_f4,4.0,-0.05632819355207118,-0.17984955130060742,0.12352135774853625,569.125317180697,3074.8278222465983,0.022206481842964195,5.3385034426148826e-05,1149.2922584311873
29,s43_f3,3.0,-0.007651938638280532,-0.15595148134622014,0.1482995427079396,393.56156844095386,2987.2345032181925,0.022349119835689463,6.395061090248192e-05,692.9534045876661
29,s43_f4,4.0,-0.04059046206061679,-0.12508125018666316,0.08449078812604638,545.0083190251423,3312.018293543359,0.022206481842964195,5.3385034426148826e-05,1149.0700288962241
30,s36_f3,3.0,-0.021731277969811853,-0.015842926042584162,0.0058883519272276905,473.2561735877942,2764.925816387433,0.026033576237022203,8.289250422807255e-05,1082.8403814723897
30,s36_f4,4.0,-0.08838551475492273,-0.6668454104890195,0.5784598957340967,626.2918455075644,4096.305283916117,0.026972556316149282,0.00010960623749508029,2693.3427014366994
30,s43_f3,3.0,0.07279379764023783,0.0012064792395618182,0.071587318400676,378.09247121728896,2524.165386667972,0.026033576237022203,8.289250422807255e-05,782.1526992577315
30,s43_f4,4.0,-0.03371517318538621,-0.9228551597380836,0.8891399865526974,638.9277672072,4331.023076945966,0.026972556316149282,0.00010960623749508029,2893.313806621262
31,s36_f3,3.0,-0.051791190907451906,-0.025880097299974973,0.025911093607476933,513.9124841418462,2603.0898332838233,0.021247274639378498,5.8398381107312645e-05,743.8011708112195
31,s36_f4,4.0,-0.19816702511788808,-0.6876228228080871,0.489455797690199,623.208944665093,3063.203078590339,0.020972069758176375,6.754786261354721e-05,1255.8626243822503
31,s43_f3,3.0,-0.05008892220251405,-0.06801215581021214,0.01792323360769809,453.82022105500556,2717.9712075622997,0.021247274639378498,5.8398381107312645e-05,675.7990797693969
31,s43_f4,4.0,-0.1804489885328393,-0.7150867184851183,0.534637729952279,558.5687916027741,3625.085442064747,0.020972069758176375,6.754786261354721e-05,1237.343962665716
32,s36_f3,3.0,0.010738642617375279,-0.07918753252189034,0.08992617513926562,494.11822802247104,4458.567408949748,0.0356620927940279,3.244774292662113e-05,2946.706937423446
32,s36_f4,4.0,0.03451881521713356,-0.3340476408386376,0.36856645605577115,767.1387873350176,5462.621888760939,0.03400454702530744,2.1973630950604797e-05,5220.272514143325
32,s43_f3,3.0,-0.03324504620541233,-0.09974612612561524,0.0665010799202029,407.90187413179035,4542.971027308719,0.0356620927940279,3.244774292662113e-05,2464.450704027332
32,s43_f4,4.0,0.010262177660700214,-0.44355054857213067,0.45381272623283087,824.9681090601255,6237.690267898974,0.03400454702530744,2.1973630950604797e-05,6388.519576796825
33,s36_f3,3.0,-0.02762330657145564,-0.9707488820082493,0.9431255754367937,489.7071645754558,2779.316339552721,0.037763567276566476,0.0002037313582056666,2706.823255799042
33,s36_f4,4.0,0.16293527341273925,-0.4325529256013022,0.5954881990140415,751.4799483953412,3714.3113275857245,0.03321542329142372,0.00013090268516704673,4733.827489074466
33,s43_f3,3.0,0.10510332593393087,-0.09248517834676243,0.1975885042806933,402.18907175087276,2323.202871715068,0.037763567276566476,0.0002037313582056666,1810.6170515413557
33,s43_f4,4.0,0.1573304739778636,-0.17545293269834392,0.33278340667620754,769.6083993794551,3802.2208888007217,0.03321542329142372,0.00013090268516704673,4953.724288197908
34,s36_f3,3.0,0.002942121166023292,-0.056769444682343864,0.059711565848367155,477.78941350345065,2533.3657959024085,0.023633876525738624,3.768586327532991e-05,769.8117323940254
34,s36_f4,4.0,0.08483190693746931,-0.12546362695399702,0.21029553389146632,564.1614721482509,3667.6871925506816,0.02306393385398002,3.87988249233794e-05,1324.8815521637196
34,s43_f3,3.0,0.01414466940053737,-0.030488048088349925,0.044632717488887294,389.56696603272377,2739.7420453365567,0.023633876525738624,3.768586327532991e-05,660.9525636704083
34,s43_f4,4.0,0.054312922538053476,-0.49741412469378604,0.5517270472318395,567.414237139579,4215.193014593614,0.02306393385398002,3.87988249233794e-05,1516.7627832898415
35,s36_f3,3.0,-0.015748814457007727,-0.4253626041329771,0.4096137896759694,506.72799877791607,2905.2210606552085,0.019851406882577697,4.918827383950721e-05,709.7098359734441
35,s36_f4,4.0,-0.048119239213792034,-0.1501895975149683,0.10207035830117626,545.6068258093453,3034.7020215555854,0.02036834456736122,3.215856651473494e-05,845.5096047257334
35,s43_f3,3.0,0.0022975607015260765,-0.11309215253156435,0.11538971323309043,441.3551284398021,2604.591260569652,0.019851406882577697,4.918827383950721e-05,543.4753743082169
35,s43_f4,4.0,-0.03787008143767692,-0.14577785165929227,0.10790777022161535,526.5676060725227,2672.820046110507,0.02036834456736122,3.215856651473494e-05,726.258226530001
36,s36_f3,3.0,0.033787750138979215,-0.2740470690613587,0.3078348192003379,497.6909593888571,2530.4279226492413,0.027495765077262247,5.202879715926345e-05,1114.5062484001821
36,s36_f4,4.0,0.0012510405154478135,-0.1679634022291249,0.1692144427445727,691.6711587644267,3362.0599401281397,0.030523330790294234,7.984349667900046e-05,2957.408341492991
36,s43_f3,3.0,-0.010225276711810595,-0.03551706470279051,0.025291787990979912,370.72908490177633,2309.714130941012,0.027495765077262247,5.202879715926345e-05,735.0568550034587
36,s43_f4,4.0,-0.0025299640362540852,-0.1398533430490997,0.1373233790128456,693.4376913667451,3916.9925842155544,0.030523330790294234,7.984349667900046e-05,3327.251970555054
37,s36_f3,3.0,0.004805800090074327,-0.2553637012485826,0.2601695013386569,494.79679794230447,2437.495806932614,0.02342095711650041,5.595956962196951e-05,810.2065643565837
37,s36_f4,4.0,-0.016282075974626976,-0.18928190138224782,0.17299982540762085,596.7272509234803,3118.327372427911,0.024643060724369094,5.869285465600231e-05,1500.6076890702282
37,s43_f3,3.0,0.05432621597535019,-0.043113523331696824,0.09743973930704701,403.3601734772355,2517.4015176296525,0.02342095711650041,5.595956962196951e-05,657.1041018485282
37,s43_f4,4.0,0.01967753572884711,-0.3435533288609928,0.36323086458983994,570.754375361715,3705.260361697907,0.024643060724369094,5.869285465600231e-05,1640.445603406341
38,s36_f3,3.0,-0.08899175682861049,-0.30115627068250184,0.21216451385389135,508.5467689688656,2893.4622703316345,0.020144258087268677,5.848292595777385e-05,740.1981965369117
38,s36_f4,4.0,-0.057725983587494284,-0.47909281293522266,0.4213668293477284,571.8502186646186,3857.287535142238,0.019567023861720552,6.274302072405433e-05,1149.8992669646939
38,s43_f3,3.0,-0.04986143925850193,-0.3489088132710299,0.29904737401252796,450.02659135936403,3138.5617564422396,0.020144258087268677,5.848292595777385e-05,695.470530825304
38,s43_f4,4.0,-0.010873949768151115,-0.30699155864964084,0.29611760888148975,547.7320667338781,3337.9217931594285,0.019567023861720552,6.274302072405433e-05,976.8534765815097
39,s36_f3,3.0,-0.12890215311917325,-0.3979920803473964,0.26908992722822317,490.8384397619924,2647.339956291585,0.0323916292510428,0.00013562509917570314,1800.604574054261
39,s36_f4,4.0,-0.12703759130605635,-0.4837910847980172,0.35675349349196084,715.7682409974373,4118.099220406779,0.03072896831346857,0.00012690378395416676,4149.493927578813
39,s43_f3,3.0,0.012563670410450017,-0.016338107738942204,0.02890177814939222,373.76194785099125,2543.0827539370866,0.0323916292510428,0.00013562509917570314,1239.945101320174
39,s43_f4,4.0,-0.07671212819851711,-0.33003926616286267,0.2533271379643456,715.7179004367572,4613.164850848056,0.03072896831346857,0.00012690378395416676,4490.740616765088
40,s36_f3,3.0,-0.09138658511789872,-0.2046003639750149,0.11321377885711618,459.9630579449969,2560.057618600934,0.022540871571019364,7.364613564627508e-05,759.1259345734284
40,s36_f4,4.0,0.011595045326568812,-0.25752939914498146,0.26912444447155026,597.3368166111105,3656.858991472499,0.024509823077785785,8.811924978797825e-05,1866.730154585805
40,s43_f3,3.0,-0.029482206348565475,-0.13854637417143567,0.10906416782287019,397.0477267275919,2390.2989994283307,0.022540871571019364,7.364613564627508e-05,605.5150583041509
40,s43_f4,4.0,-0.0005063556569235609,-0.2456665553583004,0.24516019970137684,558.8689305389537,3631.1550057509558,0.024509823077785785,8.811924978797825e-05,1703.592106442556
41,s36_f3,3.0,-0.01718642778957016,0.032124804553289206,0.04931123234285936,497.15334410961583,2085.9756850154026,0.02574716005416769,7.294080080515285e-05,876.1653172862982
41,s36_f4,4.0,-0.21204712036113468,-0.4678527601871004,0.2558056398259657,597.7109412332628,3183.5955950830685,0.02398632066204808,9.283924465316055e-05,1662.0167826013765
41,s43_f3,3.0,-0.01758967766528314,-0.1425694312263979,0.12497975356111476,384.8102355780465,2191.560176146446,0.02574716005416769,7.294080080515285e-05,687.1993694950055
41,s43_f4,4.0,-0.10515823799771987,-0.8597558348253468,0.754597596827627,594.2626122655554,3457.268070084137,0.02398632066204808,9.283924465316055e-05,1767.2603035487662
42,s36_f3,3.0,0.003904504952972667,-0.07355927121115446,0.07746377616412713,508.8654901082643,2414.9622395026113,0.026597040063319644,0.00011408834903971328,1181.274540858977
42,s36_f4,4.0,-0.32412169015549613,-0.9851692774090243,0.6610475872535282,624.7703261910647,3622.3210583018954,0.0264521759504532,0.00012728919881613442,2515.7649570912668
42,s43_f3,3.0,-0.014127614791117831,-0.2933306203037646,0.27920300551264676,393.7740344287103,2363.3617528012505,0.026597040063319644,0.00011408834903971328,865.3905724873915
42,s43_f4,4.0,-0.25130016369290115,-1.067589176713418,0.8162890130205169,594.984015766098,3741.086839953255,0.0264521759504532,0.00012728919881613442,2419.527411501121
43,s36_f3,3.0,0.006989484084735026,-0.046933598352210566,0.053923082436945595,485.288749052061,3120.024885458849,0.027064350154214233,3.775234794285545e-05,1217.1268438714264
43,s36_f4,4.0,-0.06732801068776745,-0.3562271532765399,0.2888991425887725,628.2281123450879,4569.181676633916,0.027103288556945847,5.676399022943832e-05,2561.4915114020373
43,s43_f3,3.0,0.01576622562251238,-0.0030687782136883876,0.018835003836200768,382.2387344447565,2803.367383753751,0.027064350154214233,3.775234794285545e-05,853.6647245344346
43,s43_f4,4.0,0.000838243204751733,-0.39981965003294545,0.4006578932376972,614.0929891241003,4856.0197122457475,0.027103288556945847,5.676399022943832e-05,2640.2560675538944
44,s36_f3,3.0,0.23005399215772934,-0.05590431873152296,0.2859583108892523,479.0692255626597,2793.1629232114774,0.0354637406559894,0.0001371385122264774,2119.8567242860536
44,s36_f4,4.0,-0.019163548965901157,-0.578551153834151,0.5593876048682499,755.645101274351,5059.363666680337,0.03242185094195196,0.00013935752097416268,5795.862843389438
44,s43_f3,3.0,0.13953889396940705,-0.04319541507092761,0.18273430904033466,383.3057583383658,2810.571642234335,0.0354637406559894,0.0001371385122264774,1637.5732554366923
44,s43_f4,4.0,-0.06418579444598854,-0.48657078474096777,0.4223849902949792,799.2778688296811,5198.8759641931465,0.03242185094195196,0.00013935752097416268,6335.0285048721125
45,s36_f3,3.0,0.02109241694537274,-0.11012064887672118,0.1312130658220939,478.7254369051227,3532.448287426412,0.03156610102525936,4.866005790846091e-05,1843.3039724990324
45,s36_f4,4.0,0.059819794858174444,-0.5190039705436483,0.5788237654018228,727.1361801648918,4838.784770688296,0.033019874340946914,6.218273217628582e-05,4627.121738809211
45,s43_f3,3.0,0.0019269861893097355,-0.01576043829275978,0.017687424482069516,363.95217678533214,3535.871537013498,0.03156610102525936,4.866005790846091e-05,1376.9536922483858
45,s43_f4,4.0,0.02307301933077354,-0.3337078370678694,0.35678085639864293,740.3343830447589,5702.634437877122,0.033019874340946914,6.218273217628582e-05,5425.002446421305
46,s36_f3,3.0,0.016787409532065804,-0.13144334718784711,0.14823075671991293,479.38315448651565,2773.4324505820928,0.024624672005896096,2.6155091535530803e-05,882.4021514962863
46,s36_f4,4.0,-0.003594216653081442,-0.07937194606851333,0.07577772941543189,632.7695625120144,3641.9647241445864,0.024928286478931933,2.055100591342459e-05,1604.6119206323465
46,s43_f3,3.0,-0.0025215317169505025,-0.08169615761977826,0.07917462590282776,408.4910001615612,2943.832939739082,0.024624672005896096,2.6155091535530803e-05,788.9461199754631
46,s43_f4,4.0,0.004930995549446023,-0.33826430511532213,0.34319530066476817,603.4027706810277,4386.426189355265,0.024928286478931933,2.055100591342459e-05,1821.0010050680105
47,s36_f3,3.0,-0.038297906575454385,-0.22707167694995933,0.18877377037450493,521.9406265359942,1962.1237910193554,0.02812617550176295,0.00014531517960253703,1248.9818881356152
47,s36_f4,4.0,-0.16341559191613253,-0.41805633065501363,0.2546407387388811,697.8081436162696,3376.30873770779,0.029829656639626986,0.00014448356747703739,3521.2068341845197
47,s43_f3,3.0,-0.2466814876880595,-0.2929328707514146,0.046251383063355106,390.9037388890393,1714.587838536149,0.02812617550176295,0.00014531517960253703,788.1068192133798
47,s43_f4,4.0,-0.24886703249336842,-0.6949062093369837,0.44603917684361527,698.4442061857549,3688.0808639012616,0.029829656639626986,0.00014448356747703739,3740.9303548556536
48,s36_f3,3.0,0.019497454861276013,0.048657360401296625,0.02915990554002061,469.37087255741267,2518.3458913564705,0.02368589557364853,7.656217233386158e-05,827.343726754295
48,s36_f4,4.0,-0.028505063146627558,-0.17939201377591463,0.15088695062928706,612.4611625071973,3744.6790179782774,0.024838066953298422,9.838572145900292e-05,2057.05509540226
48,s43_f3,3.0,0.01433220334294894,-0.3863122232441821,0.400644426587131,380.60628090524403,2499.6239307014253,0.02368589557364853,7.656217233386158e-05,663.5913692161625
48,s43_f4,4.0,-0.016107929789319856,-0.2927220841745711,0.2766141543852512,605.0146238500466,4174.123843890529,0.024838066953298422,9.838572145900292e-05,2192.685713118518
49,s36_f3,3.0,-0.024292442360697053,-0.028969636281552465,0.004677193920855412,464.76883825266486,2011.82638225556,0.029663731263508186,0.00011162748140019059,1106.612007629895
49,s36_f4,4.0,-0.2616790805236192,-0.6249775542326772,0.363298473709058,681.2085273764071,3658.755677755945,0.030285997947633925,0.00015966910271753484,3812.0220451038335
49,s43_f3,3.0,0.012128283412265718,0.04538949478277264,0.03326121137050692,343.5685967681742,2112.3351872587305,0.029663731263508186,0.00011162748140019059,794.6203106910584
49,s43_f4,4.0,-0.2856728962569218,-0.4896366389783653,0.20396374272144346,679.1422677626697,4092.1158003495043,0.030285997947633925,0.00015966910271753484,4073.166260158352
50,s36_f3,3.0,-0.0807534714302233,-0.2726800754592643,0.19192660402904102,497.69806628207596,2725.232171430155,0.03357915024430381,8.071498294219015e-05,1819.5880406044043
50,s36_f4,4.0,-0.0729602509096153,-0.7590886035397327,0.6861283526301174,755.2415231183392,4546.96838338884,0.030222055481089055,8.728650915601924e-05,4217.721167604825
50,s43_f3,3.0,0.050775062926930285,-0.03485445523157129,0.08562951815850157,394.23210602503457,2655.3754555458363,0.03357915024430381,8.071498294219015e-05,1363.6419574405477
50,s43_f4,4.0,-0.05188543765323184,-0.37314692256226856,0.3212614849090367,758.9755760725908,4660.274832176845,0.030222055481089055,8.728650915601924e-05,4291.5534754934815
51,s36_f3,3.0,0.054136581019689725,0.03606172814224433,0.018074852877445396,483.86576539739934,2908.9237282932304,0.028628740659484245,6.997853069195245e-05,1344.2659178144852
51,s36_f4,4.0,-0.02733984417770627,-0.42260021527648334,0.3952603710987771,641.0684574738438,4350.806960694548,0.027812170704641353,9.951547530966217e-05,2955.565385589077
51,s43_f3,3.0,0.08100322011027244,0.010333044102679058,0.07067017600759339,364.9317333533287,3165.5908805455215,0.028628740659484245,6.997853069195245e-05,1064.3377753446516
51,s43_f4,4.0,-0.07080369244306228,-0.6524413067989386,0.5816376143558764,625.0934474381282,5076.965295422019,0.027812170704641353,9.951547530966217e-05,3239.1804571211014
52,s36_f3,3.0,-0.023643127444174093,-0.29718837563281586,0.2735452481886418,539.1267890608593,2503.6700719711853,0.02123161599183898,6.768202874069493e-05,796.6178899528367
52,s36_f4,4.0,-0.27125632547501755,-1.0980086225986263,0.8267522971236088,576.4294392337289,3094.4406658285457,0.021937310672659215,8.322908216470771e-05,1321.0940624028465
52,s43_f3,3.0,0.008281173218403255,-0.22519216399843145,0.2334733372168347,463.67689796111483,2987.219595073241,0.02123161599183898,6.768202874069493e-05,770.24378180655
52,s43_f4,4.0,-0.33545461517956976,-1.3207385338529123,0.9852839186733425,558.1972905559288,2932.8818150278607,0.021937310672659215,8.322908216470771e-05,1228.7685062402913
53,s36_f3,3.0,-0.01675395903496122,-0.42583702254183126,0.40908306350687,482.7884871845692,2500.2799715862943,0.025476705699074526,0.0001106496444654053,1062.7222294104922
53,s36_f4,4.0,0.09888122823104044,-0.30317613624877837,0.4020573644798188,675.0574659396061,3472.9035285534583,0.028927958893432297,8.65864113194037e-05,2761.6224163146085
53,s43_f3,3.0,-0.04610430524752961,-0.25826097306398377,0.21215666781645415,397.16716115362294,2285.965935422436,0.025476705699074526,0.0001106496444654053,782.8145711647753
53,s43_f4,4.0,0.041396717237335616,-0.2707932858585367,0.3121900030958723,647.4506221699357,3625.2784525137663,0.028927958893432297,8.65864113194037e-05,2703.1235226926306
54,s36_f3,3.0,-0.07464760421412842,-0.15555144972823381,0.0809038455141054,463.3162819681344,2486.3503336027125,0.024632342096295716,8.911016336650463e-05,896.8489406217265
54,s36_f4,4.0,-0.18933642116587693,-0.4361527401895178,0.24681631902364085,648.162550132429,4037.918544043739,0.028261522186506623,0.00011472707043345201,3040.043767402138
54,s43_f3,3.0,-0.000746088016117855,-0.11636318421802651,0.11561709620190866,394.22467870287966,2290.1132544413263,0.024632342096295716,8.911016336650463e-05,697.8014035295395
54,s43_f4,4.0,-0.11725094455295476,-0.27317347685116367,0.1559225322982089,638.942022254444,3775.4265918127653,0.028261522186506623,0.00011472707043345201,2844.8797268002436
55,s36_f3,3.0,0.016716466912043114,-0.1382081006176835,0.1549245675297266,503.4155039725628,2898.152848396992,0.026908321224889124,5.303769809095456e-05,1219.6824124140169
55,s36_f4,4.0,0.15832572506123407,-0.5784173425555525,0.7367430676167867,665.9837044669026,4704.582524156255,0.029565401770603614,8.909699658804522e-05,3579.6690401728183
55,s43_f3,3.0,0.0170458811846019,0.017498323719097233,0.0004524425344953342,368.93656314475646,2870.1457789840774,0.026908321224889124,5.303769809095456e-05,858.7743194589063
55,s43_f4,4.0,0.0881382942249743,-0.4922793435830435,0.5804176378080178,700.1785815275327,5140.692212867077,0.029565401770603614,8.909699658804522e-05,4087.069552639422
56,s36_f3,3.0,-0.09690152812162811,-0.049113429472647144,0.04778809864898097,468.2395933532857,2475.1042273728895,0.0254762210243842,0.00011204179360540919,1004.1720370368016
56,s36_f4,4.0,-0.037780585712290614,-0.29738697382187546,0.25960638810958486,616.6724341312093,3462.692907146847,0.027170557824475736,0.00013340799030588368,2528.195403925863
56,s43_f3,3.0,-0.05580951274403476,-0.35351955080986686,0.29771003806583207,349.61373383642297,2169.8963167003944,0.0254762210243842,0.00011204179360540919,651.105939760891
56,s43_f4,4.0,-0.035003057883406394,-0.6839189080663571,0.6489158501829507,614.3366294568301,3727.8596683659707,0.027170557824475736,0.00013340799030588368,2650.085128716628
57,s36_f3,3.0,0.05927578782128257,-0.36678280261003016,0.4260585904313127,470.6302212043875,2594.548833750564,0.025385872755640495,0.00010938434768797925,1051.0561302414599
57,s36_f4,4.0,0.08507763150104866,-0.34008164484207537,0.425159276343124,601.443251571326,3666.43674007999,0.02596786605370553,7.779317921329232e-05,2014.0977047882084
57,s43_f3,3.0,-0.027952445848440605,-0.06336693897324948,0.03541449312480888,385.5463953500632,2515.294852069444,0.025385872755640495,0.00010938434768797925,796.5025017733506
57,s43_f4,4.0,0.03670608053931761,-0.10708591029312481,0.14379199083244243,599.011985627463,3600.160556814628,0.02596786605370553,7.779317921329232e-05,1975.8991079215832
58,s36_f3,3.0,-0.030495823472209145,-0.10207670009475295,0.07158087662254381,483.74851512777917,2452.592362223686,0.028383456778908096,8.430511742389746e-05,1180.3993806544559
58,s36_f4,4.0,-0.1276117126064205,-0.04617510488128192,0.0814366077251386,674.5885075917017,4095.696902710821,0.02952930395217649,9.937803091602049e-05,3327.0821649504014
58,s43_f3,3.0,0.005282262533359767,0.022962056840103787,0.017679794306744018,392.87356024811135,2608.659755503166,0.028383456778908096,8.430511742389746e-05,975.2299614686136
58,s43_f4,4.0,-0.12063501397890636,-0.6817308842632854,0.5610958702843791,650.9665619709373,4762.051795677596,0.02952930395217649,9.937803091602049e-05,3597.8626074965887
59,s36_f3,3.0,-0.008001519993607358,-0.09731911425430186,0.0893175942606945,509.4751267318027,3700.911933665327,0.024567662498148995,8.188726643803033e-05,1357.98092095211
59,s36_f4,4.0,-0.029102935375720007,-0.27966850737094473,0.2505655719952247,604.6242719644009,4507.942460794368,0.02235071661811126,6.279827493452381e-05,1745.2147942667202
59,s43_f3,3.0,-0.03162746578970914,-0.06291212877735404,0.0312846629876449,399.3114360985332,3212.3987703942644,0.024567662498148995,8.188726643803033e-05,916.6867573808964
59,s43_f4,4.0,-0.08089541585405137,-0.44129797342011123,0.3604025575660599,586.244321010338,5021.379795336483,0.02235071661811126,6.279827493452381e-05,1848.0705373421904
60,s36_f3,3.0,0.015307530546136105,-0.23703449816109132,0.25234202870722744,502.84007601288056,3010.2231585846253,0.023566147466035806,8.913183169253652e-05,1072.8043357148445
60,s36_f4,4.0,0.02846648885054842,-0.09708532293498986,0.1255518117855383,595.5800793359115,3584.8491879426174,0.024025056092463873,8.168145032379734e-05,1733.3743377527762
60,s43_f3,3.0,-0.017952235168166613,-0.3511950152311306,0.333242780062964,408.6218596365077,3056.4463444725984,0.023566147466035806,8.913183169253652e-05,862.0835291217387
60,s43_f4,4.0,0.05327297441632421,-0.16850904098059796,0.22178201539692216,551.8016751031206,3344.8320464907224,0.024025056092463873,8.168145032379734e-05,1486.8611525866834
61,s36_f3,3.0,0.04605684209102305,0.05418237183520539,0.00812552974418234,457.8702098897437,2266.0601331653793,0.029892114255703522,0.00014252920593249517,1277.0435311075876
61,s36_f4,4.0,-0.7920424866923308,-0.49875873919016744,0.29328374750216335,680.5006441902408,3961.2447659712775,0.03158125685409751,0.00016727871967957373,4343.453596164782
61,s43_f3,3.0,-0.16569390527562722,-0.33923549997354746,0.17354159469792024,354.61679915566117,2355.4731528814937,0.029892114255703522,0.00014252920593249517,975.4256776397319
61,s43_f4,4.0,-0.7511820866731121,-0.8122625533348848,0.06108046666177269,679.9831371124634,4249.474776898661,0.03158125685409751,0.00016727871967957373,4557.490936751934
62,s36_f3,3.0,0.007579417488099493,-0.08010968346450112,0.08768910095260062,447.0420683556894,3112.354268085451,0.029133615247425988,1.9929476043263204e-05,1245.4749108166195
62,s36_f4,4.0,-0.15887822985517838,-0.24533704925769284,0.08645881940251446,640.5399580208314,4400.8979924322475,0.028787812398393453,5.905115695875617e-05,2838.118282683924
62,s43_f3,3.0,-0.021710236687207198,-0.0838054368651172,0.062095200177909995,357.87429156937714,3067.820835827685,0.029133615247425988,1.9929476043263204e-05,978.2661007165415
62,s43_f4,4.0,-0.1692592919272691,-0.3463365614425338,0.17707726951526467,641.6536715609806,5149.114686549877,0.028787812398393453,5.905115695875617e-05,3257.578419693437
63,s36_f3,3.0,-0.04715279852159397,-0.280942027821676,0.233789229300082,473.58934484844684,2792.7382750123716,0.025411913567064712,6.571351209945326e-05,1026.3644599592515
63,s36_f4,4.0,-0.1555490033604323,-0.10970747252144107,0.045841530838991215,591.1424359313643,3862.158332204021,0.026552039945952236,6.912543211536667e-05,2059.628988522831
63,s43_f3,3.0,-0.0857771017682073,-0.048159578025378055,0.03761752374282924,349.5598763812955,2368.0669330118635,0.025411913567064712,6.571351209945326e-05,625.7260380197174
63,s43_f4,4.0,-0.1363332759563319,-0.2669154111282559,0.130582135171924,638.2079393797175,3946.7519943083716,0.026552039945952236,6.912543211536667e-05,2317.636289642014
64,s36_f3,3.0,-0.04672730922482613,-0.29964961308840954,0.2529223038635834,492.37273895815133,2554.353788708605,0.023847903735119483,9.98268325781964e-05,962.1752911948128
64,s36_f4,4.0,0.07147311005939054,-0.06858576549349157,0.1400588755528821,628.3049446770227,3634.851967914015,0.02570635702682372,9.698041705893682e-05,2190.4384551379467
64,s43_f3,3.0,-0.09501920791731733,-0.33837399483061864,0.2433547869133013,402.2005852294506,2015.145182971386,0.023847903735119483,9.98268325781964e-05,634.6441776361568
64,s43_f4,4.0,0.06903115473953145,-0.17322303422380292,0.24225418896333437,585.0271970965264,3558.0967063326566,0.02570635702682372,9.698041705893682e-05,1972.7713577875415
65,s36_f3,3.0,-0.0011348830872768298,-0.36908400201171004,0.3679491189244332,588.9141409060087,3435.7294638369963,0.01880020097077199,4.526040297643264e-05,861.0919693817872
65,s36_f4,4.0,0.004212987104177456,-0.28400230495456746,0.2882152920587449,560.2445580558164,3218.184694582313,0.016697164410618512,2.6793949108134464e-05,632.0999115431434
65,s43_f3,3.0,-0.0015384951298848682,-0.2709906952265383,0.26945220009665344,527.8786586925656,3715.781138821608,0.01880020097077199,4.526040297643264e-05,810.955522548283
65,s43_f4,4.0,-0.0018361579375913767,-0.06444112108800618,0.0626049631504148,524.6880959296257,3042.8451663719006,0.016697164410618512,2.6793949108134464e-05,544.2638837549437
66,s36_f3,3.0,-0.06551854037330238,-0.32549451619233766,0.2599759758190353,503.8510149569972,2610.1084662189983,0.02146153634234133,7.988554549275041e-05,798.5231848826752
66,s36_f4,4.0,-0.1050772527695143,-0.0392732373277859,0.0658040154417284,570.6068963739841,2745.7343042813654,0.020364587185129884,5.5092854472527016e-05,917.8049092396532
66,s43_f3,3.0,-0.10407717957350625,-0.3336180129269392,0.22954083335343295,410.68344268221347,2597.8706402064313,0.02146153634234133,7.988554549275041e-05,629.6297913191029
66,s43_f4,4.0,-0.15092922064856856,-0.04785951116372432,0.10306970948484424,548.4182715500507,2795.9503626157634,0.020364587185129884,5.5092854472527016e-05,881.7088326671278
67,s36_f3,3.0,-0.023973577183972583,-0.041511868169912244,0.01753829098593966,499.10174168213604,2856.5918204487657,0.024218906977247216,6.614250142821878e-05,999.4101757906096
67,s36_f4,4.0,-0.1767034710061539,-0.23935222426672495,0.06264875326057104,652.7635750364939,3639.9769360795417,0.024551381163415573,5.9334781854502376e-05,1881.0041278396868
67,s43_f3,3.0,-0.04258540465442451,-0.11118271152631859,0.06859730687189408,449.6580845120045,2738.513533213202,0.024218906977247216,6.614250142821878e-05,863.6650113337583
67,s43_f4,4.0,-0.14545271695669454,-0.5562379161664329,0.4107851992097384,606.1638628341487,4101.789953186756,0.024551381163415573,5.9334781854502376e-05,1910.974517913101
68,s36_f3,3.0,-0.062050162655537144,-0.012974241915893785,0.049075920739643356,477.36162442567485,2298.4113406378933,0.028192503380651646,0.00013043994289595832,1200.996895938481
68,s36_f4,4.0,-0.17915003107222988,-0.37947411257556085,0.20032408150333098,625.0232824371284,3615.6106999899516,0.02541441762134662,0.00011950909069707536,2283.9260472262354
68,s43_f3,3.0,-0.06243505260244603,-0.0542190247781181,0.008216027824327926,348.627618364945,2013.3533032194855,0.028192503380651646,0.00013043994289595832,743.6473972584134
68,s43_f4,4.0,-0.27914961722071796,-0.5084180812919243,0.22926846407120638,585.2899937137769,3394.1837942693514,0.02541441762134662,0.00011950909069707536,2026.0862089462971
69,s36_f3,3.0,0.00029510487938252527,-0.24480373905890546,0.24509884393828799,532.5158278382762,3586.2162686327674,0.020276510544087262,5.225549765613998e-05,927.2186121763468
69,s36_f4,4.0,0.024462538423428798,-0.3013696240852579,0.32583216250868674,575.7314699240964,3575.8626199630685,0.019796768453999185,2.9211436841975088e-05,976.6243057314116
69,s43_f3,3.0,0.017150418113317537,-0.12093777931048742,0.13808819742380496,458.26806704877936,3445.82309856326,0.020276510544087262,5.225549765613998e-05,753.4754195859975
69,s43_f4,4.0,-0.0008971006623940628,-0.028636267920136085,0.027739167257742024,536.830361610098,3292.578509640375,0.019796768453999185,2.9211436841975088e-05,822.3625221714175
70,s36_f3,3.0,-0.010848410604045136,-0.2452251077427251,0.23437669713867998,523.4705442225488,2731.3244402401697,0.02293951980598555,7.997995905344404e-05,969.1183461222149
70,s36_f4,4.0,-0.1697632872776405,-0.7476309954174535,0.5778677081398129,576.0838443862687,3935.585477735302,0.02202766692653179,7.937946540393758e-05,1538.8159592177778
70,s43_f3,3.0,-0.11040067135476501,-0.5061142436039081,0.3957135722491431,446.2178118145019,2964.598798505146,0.02293951980598555,7.997995905344404e-05,872.1033578256399
70,s43_f4,4.0,-0.11217014555712161,-0.35422534814505885,0.24205520258793722,570.2539925447196,3221.932555701789,0.02202766692653179,7.937946540393758e-05,1308.1979093303823
71,s36_f3,3.0,0.01278479280430785,-0.035907175250007285,0.04869196805431514,472.94752602585396,2255.3548815276904,0.02931236691602179,8.378704755858704e-05,1139.6149428857516
71,s36_f4,4.0,0.00026542923833088223,-0.1506922334960658,0.1509576627343967,642.5222668252725,3859.504111352726,0.02776820298969106,0.00010656655669665202,2754.4515691268975
71,s43_f3,3.0,0.0985428152422522,-0.023035957332609443,0.12157877257486163,357.4837019954883,2675.1655045348666,0.02931236691602179,8.378704755858704e-05,956.1261268347276
71,s43_f4,4.0,-0.028560636786930917,-0.5820309214308963,0.5534702846439654,634.7748968897082,4222.64352980673,0.02776820298969106,0.00010656655669665202,2915.884606964198
72,s36_f3,3.0,-0.030595362046071745,-0.14208642000817817,0.11149105796210643,482.59623903178834,2842.989226177089,0.025771214308898047,9.879034294515147e-05,1155.1321750868756
72,s36_f4,4.0,-0.23228269838116655,-0.5326483402820823,0.30036564190091575,624.4576655047223,3870.5747714962945,0.025896707967306355,0.00010002111194657112,2345.9872500488163
72,s43_f3,3.0,-0.10274647365444992,-0.15341438602868535,0.05066791237423543,375.9563400830669,2743.234113039109,0.025771214308898047,9.879034294515147e-05,841.9591650318189
72,s43_f4,4.0,-0.27024271498077346,-0.41308783680446726,0.1428451218236938,622.3109695888631,4308.792353153254,0.025896707967306355,0.00010002111194657112,2517.713166407773
73,s36_f3,3.0,-0.15888862783796104,0.020239430971064367,0.1791280588090254,488.46733737051613,2082.781789678486,0.02803698038111216,0.00013202791730681758,1138.5910305333418
73,s36_f4,4.0,-0.31313434692536596,-0.3155780810216215,0.0024437340962555343,651.2762618639854,3677.4225029280065,0.027954291077294906,0.00014879731154941126,3074.6205167406233
73,s43_f3,3.0,-0.038307527458963035,-0.09619552712803742,0.05788799966907438,375.22079665853994,2095.979008276922,0.02803698038111216,0.00013202791730681758,834.9726617617605
73,s43_f4,4.0,-0.255915739501077,-0.7198077471025934,0.46389200760151644,612.6289731263756,3869.8850949049643,0.027954291077294906,0.00014879731154941126,2943.6297940636855
74,s36_f3,3.0,0.0009027311411092259,-0.1665249311228983,0.16742766226400752,540.7926923059441,2613.6944551694874,0.019524742041843943,6.0006242797575564e-05,690.6640357330187
74,s36_f4,4.0,-0.15134602942726183,-0.27466056666482863,0.1233145372375668,558.3944298127024,3142.794266076294,0.02007788839028572,6.320611916425502e-05,1002.5160600035645
74,s43_f3,3.0,0.013155623875911935,-0.33148559916692855,0.3446412230428405,457.41456164160377,3095.316667418487,0.019524742041843943,6.0006242797575564e-05,663.3948333404982
74,s43_f4,4.0,-0.10084601130639274,-0.0801560870834093,0.02068992422298345,550.5619080884035,2755.771268154867,0.02007788839028572,6.320611916425502e-05,891.9236478913174
75,s36_f3,3.0,-0.01124672131380878,-0.1417136634864844,0.13046694217267563,518.3194839289927,2954.251594495789,0.03766250997482183,7.08766314061478e-05,2482.7980685393595
75,s36_f4,4.0,0.05547247110522441,-0.4353897427414971,0.4908622138467215,783.951659646797,4189.360791153422,0.03352279132141611,3.665881563099071e-05,4267.776257896836
75,s43_f3,3.0,-0.05958845655050321,-0.08799553523919526,0.02840707868869205,423.88144530390827,2904.7958900104204,0.03766250997482183,7.08766314061478e-05,1950.8514395042962
75,s43_f4,4.0,-0.043667073230626866,-0.37993399940656936,0.3362669261759425,855.0753733623916,4785.532782707085,0.03352279132141611,3.665881563099071e-05,5280.919937183907
76,s36_f3,3.0,-0.005225388989836487,-0.27077966498114603,0.26555427599130954,499.1370456198693,3578.794587542276,0.024127902889274945,6.536189809622673e-05,1220.9392184611936
76,s36_f4,4.0,-0.0592148256239045,-0.3833954727563532,0.3241806471324487,597.3157558951093,4859.867565768651,0.02551309134974209,7.423316207146156e-05,2392.9519017524676
76,s43_f3,3.0,-0.003728518123340703,0.0152257695527557,0.018954287676096405,394.67686592148164,2591.260283936554,0.024127902889274945,6.536189809622673e-05,703.0498021418313
76,s43_f4,4.0,-0.03947059992800182,-0.2419390162787432,0.20246841635074136,573.3325259902863,4314.61694657885,0.02551309134974209,7.423316207146156e-05,2069.5606887179492
77,s36_f3,3.0,-0.20261621571544014,-0.010578297952784532,0.1920379177626556,469.0611698782242,2000.4490728531553,0.033384802701060624,0.0001889515544408482,1569.7506978356253
77,s36_f4,4.0,-0.6312533734365544,-0.3222190961582927,0.3090342772782617,712.9382765593808,3566.7193927561148,0.030506768576535368,0.0001732471339692728,4157.6569400970475
77,s43_f3,3.0,-0.1981489962316716,-0.08704002439664538,0.11110897183502622,382.1581436294746,1851.8619100801566,0.033384802701060624,0.0001889515544408482,1149.782982485736
77,s43_f4,4.0,-0.6289932309214641,-0.6033620777006843,0.0256311532207798,729.1193791757707,4081.4423252162233,0.030506768576535368,0.0001732471339692728,4669.153860853732
78,s36_f3,3.0,-0.028884186476089355,0.027958821125876887,0.05684300760196624,490.2641733356956,2002.0174153868497,0.02429686046508282,6.729143624829978e-05,736.6150143141581
78,s36_f4,4.0,-0.21487747919609224,-0.32402230495490203,0.1091448257588098,569.6909913722444,3199.195780763053,0.023493690769091694,8.800959740472576e-05,1487.2384566591084
78,s43_f3,3.0,0.020834382256133915,0.0008242946088818596,0.020010087647252053,380.71263703441,2207.931345603091,0.02429686046508282,6.729143624829978e-05,600.3633950965962
78,s43_f4,4.0,-0.13543958736246337,-0.5026342271745656,0.36719463981210226,601.0989043218334,3802.0695811357637,0.023493690769091694,8.800959740472576e-05,1807.9701619269904
79,s36_f3,3.0,0.0024496670462010365,-0.0586203095065757,0.06106997655277674,485.41795846269304,2412.6230837124067,0.024333858096935463,5.470756306882073e-05,823.4767140856504
79,s36_f4,4.0,-0.03285420698661069,-0.06706983168866237,0.03421562470205168,587.6020399583521,3542.1149364330217,0.025414666764268446,4.334193344772104e-05,1619.9121241867638
79,s43_f3,3.0,0.017986945356099425,-0.22615355971954532,0.24414050507564475,353.3869194249165,2628.3341421552605,0.024333858096935463,5.470756306882073e-05,633.777713942791
79,s43_f4,4.0,-0.01758299308715689,-0.1666165934251729,0.14903360033801602,602.3039111036586,4380.535545626514,0.025414666764268446,4.334193344772104e-05,2010.387391118138
